{"cameraMode":{"drawMode":0,"name":"Shaded","section":"Shading Mode"},"sceneLighting":false,"audioPlay":false,"sceneViewState":{"showFog":true,"showMaterialUpdate":false,"showSkybox":false,"showFlares":true,"showImageEffects":true,"showParticleSystems":true},"in2DMode":false,"pivot":{"x":-1.2579126358032227,"y":4.95912504196167,"z":-10.61669635772705},"rotation":{"x":0.073237843811512,"y":-0.05083860084414482,"z":0.0037370179779827596,"w":0.9960215091705322},"size":0.8660253882408142,"orthographic":false}