{"cameraMode":{"drawMode":0,"name":"Shaded","section":"Shading Mode"},"sceneLighting":false,"audioPlay":false,"sceneViewState":{"showFog":true,"showMaterialUpdate":false,"showSkybox":false,"showFlares":true,"showImageEffects":true,"showParticleSystems":true},"in2DMode":false,"pivot":{"x":-1.6301320791244507,"y":4.695213317871094,"z":-10.610026359558106},"rotation":{"x":0.06532429158687592,"y":-0.7069446444511414,"z":0.0658646821975708,"w":0.7011682391166687},"size":1.2247449159622193,"orthographic":false}